tenure,monthly_charges,support_tickets,contract_type,auto_pay,refund_issued,churned
15,20.55,2,month-to-month,0,1,1
70,26.87,3,month-to-month,0,1,1
4,75.25,5,two-year,1,1,1
1,95.4,1,two-year,1,1,1
44,28.43,3,month-to-month,1,0,0
6,92.43,4,month-to-month,1,1,1
47,76.89,5,month-to-month,0,1,1
11,105.24,6,month-to-month,1,1,1
47,34.59,2,month-to-month,1,0,0
10,80.13,1,two-year,0,1,1
72,40.4,2,month-to-month,0,0,0
52,45.31,1,two-year,1,0,0
59,32.57,1,month-to-month,1,0,0
52,54.92,1,two-year,1,1,1
15,33.59,1,two-year,1,0,0
60,71.97,4,month-to-month,0,0,0
35,96.4,2,month-to-month,1,1,1
34,117.13,6,month-to-month,0,0,0
65,80.11,1,one-year,0,0,0
68,111.69,4,one-year,1,0,1
40,42.42,1,two-year,0,1,1
9,117.75,4,month-to-month,0,0,1
22,45.04,6,two-year,1,0,0
26,90.72,3,two-year,1,0,0
16,43.29,0,one-year,0,0,0
29,18.73,5,two-year,0,0,1
43,25.23,1,one-year,1,1,1
61,42.79,3,one-year,0,1,1
46,61.21,3,two-year,0,0,0
13,24.18,5,one-year,0,1,1
58,32.3,1,one-year,1,0,0
57,100.42,6,two-year,0,0,1
2,116.84,6,month-to-month,0,1,1
52,110.05,1,one-year,0,0,0
59,47.1,5,two-year,1,1,1
8,77.08,4,month-to-month,1,1,1
65,111.78,4,month-to-month,0,0,0
24,24.99,0,two-year,0,0,0
32,77.05,0,two-year,0,0,0
67,50.27,2,month-to-month,1,1,1
39,64.64,6,month-to-month,0,0,1
13,25.47,1,two-year,1,1,1
9,107.69,2,one-year,0,1,1
39,80.39,6,two-year,0,0,0
14,113.77,1,one-year,0,0,0
20,45.78,4,month-to-month,1,1,1
34,69.55,2,month-to-month,0,0,0
6,18.36,6,month-to-month,1,1,1
55,75.21,0,month-to-month,0,0,0
71,33.11,1,month-to-month,1,0,1
6,109.69,1,two-year,0,0,0
72,108.18,3,two-year,0,0,0
21,117.57,6,month-to-month,1,1,1
43,97.8,3,two-year,0,1,1
14,57.02,0,one-year,0,0,1
45,49.13,6,month-to-month,0,1,1
43,46.42,0,one-year,1,0,0
69,51.78,0,month-to-month,1,0,1
34,21.9,4,one-year,1,0,0
66,29.8,4,month-to-month,1,1,1
67,112.41,4,two-year,0,1,1
43,81.56,5,month-to-month,1,1,1
42,59.04,2,two-year,0,1,1
49,87.09,1,two-year,1,0,0
39,47.27,3,two-year,1,0,0
28,70.14,6,two-year,0,0,0
43,27.53,6,month-to-month,1,1,1
4,22.71,3,two-year,0,0,0
25,91.27,3,one-year,1,1,1
1,109.05,6,month-to-month,1,1,1
67,65.38,4,month-to-month,0,1,1
68,118.77,4,one-year,1,0,0
65,61.53,4,one-year,0,0,0
34,94.68,6,two-year,1,0,0
31,46.01,0,two-year,1,0,0
70,26.22,1,month-to-month,1,0,0
9,60.32,2,two-year,1,0,0
54,57.73,6,two-year,0,0,0
49,66.65,2,one-year,1,0,0
54,72.9,5,two-year,0,0,0
63,20.96,2,two-year,1,0,0
17,118.03,4,month-to-month,1,1,1
11,83.56,1,one-year,0,1,1
28,64.38,2,one-year,1,0,0
33,103.16,3,month-to-month,0,0,0
9,97.69,5,month-to-month,0,0,0
3,81.38,1,month-to-month,1,1,1
28,65.43,2,one-year,0,0,0
15,97.33,1,one-year,0,0,1
49,58.46,5,month-to-month,0,1,1
32,28.39,6,one-year,0,0,0
6,53.41,3,two-year,1,1,1
2,104.66,6,one-year,0,1,1
59,90.15,3,month-to-month,1,0,0
62,65.42,6,two-year,1,0,0
12,46.45,3,month-to-month,1,1,1
44,20.93,6,one-year,0,0,0
34,52.71,4,two-year,1,0,0
25,26.73,5,one-year,1,0,0
61,83.88,3,one-year,0,1,1
32,49.23,4,one-year,1,0,0
71,51.74,5,one-year,1,1,1
25,50.19,5,two-year,0,1,1
36,91.91,6,two-year,1,0,0
38,41.2,1,one-year,0,0,0
6,117.38,4,one-year,0,1,1
14,107.02,4,one-year,1,1,1
7,43.75,6,one-year,0,0,0
10,76.86,5,month-to-month,0,1,1
39,26.69,1,month-to-month,1,0,0
29,97.12,3,one-year,1,1,1
55,49.15,4,month-to-month,0,0,0
28,44.99,0,month-to-month,0,1,1
1,59.67,5,two-year,1,1,1
37,89.7,3,month-to-month,0,0,0
26,61.36,4,month-to-month,0,0,0
10,24.08,6,one-year,1,1,1
39,89.37,2,two-year,1,0,0
56,92.92,4,one-year,0,0,1
3,119.96,5,one-year,0,1,1
67,84.45,2,month-to-month,1,0,0
12,65.94,3,one-year,1,0,0
43,59.99,3,one-year,1,0,0
59,26.98,2,one-year,0,0,0
66,102.14,0,two-year,1,0,0
47,81.51,3,two-year,1,0,0
71,31.36,2,one-year,1,0,1
31,90.4,2,two-year,0,0,0
15,65.07,0,two-year,0,0,0
66,89.95,3,one-year,1,1,1
50,37.44,4,two-year,0,0,0
54,52.67,6,two-year,1,0,0
39,103.42,4,two-year,1,0,0
62,53.2,4,two-year,1,0,0
25,118.04,1,two-year,1,1,1
6,50.45,3,two-year,1,1,1
20,68.52,0,month-to-month,1,0,0
57,28.17,3,month-to-month,0,1,1
20,25.63,6,one-year,1,0,0
11,104.88,6,two-year,1,0,0
63,106.98,0,two-year,0,1,1
37,119.74,5,month-to-month,1,0,0
13,63.26,5,one-year,0,1,1
38,54.56,3,month-to-month,0,1,1
24,35.34,0,two-year,1,0,0
19,41.68,5,one-year,1,1,1
60,109.92,5,two-year,0,0,1
39,83.17,3,two-year,1,0,0
50,105.04,0,month-to-month,1,0,0
38,20.24,6,two-year,1,0,0
7,110.88,5,one-year,1,0,0
46,40.34,1,two-year,1,0,0
18,82.08,5,two-year,0,1,1
47,92.7,0,one-year,1,0,0
17,98.22,2,two-year,1,0,0
62,116.67,2,two-year,1,0,0
10,32.36,1,two-year,1,0,0
47,27.21,3,month-to-month,1,0,0
34,77.63,6,two-year,1,1,1
4,81.19,4,one-year,0,1,1
60,110.76,2,two-year,1,1,1
5,49.05,3,month-to-month,0,1,1
50,64.27,5,two-year,1,0,0
54,84.8,6,one-year,1,0,0
48,40.16,3,month-to-month,1,1,1
70,109.97,5,one-year,0,1,1
16,114.8,6,one-year,0,1,1
3,23.16,2,month-to-month,0,0,0
71,39.13,1,month-to-month,1,0,0
1,46.28,1,month-to-month,1,0,0
4,31.44,2,month-to-month,1,1,1
17,93.66,4,month-to-month,0,1,1
66,78.55,3,two-year,0,1,0
67,48.77,5,month-to-month,0,0,0
55,87.98,3,two-year,1,1,1
19,24.7,2,two-year,1,0,0
38,64.28,4,one-year,0,0,0
71,91.53,1,one-year,1,0,0
59,58.67,5,month-to-month,1,1,1
48,115.27,5,one-year,0,1,1
56,27.85,5,one-year,0,0,0
72,75.29,5,month-to-month,1,1,1
55,106.55,5,month-to-month,1,1,1
65,39.7,5,one-year,0,0,0
72,55.49,6,one-year,0,0,0
72,20.68,5,two-year,1,1,1
40,112.0,2,month-to-month,0,0,0
52,25.1,5,two-year,0,1,1
49,60.82,2,month-to-month,1,1,1
11,108.1,1,month-to-month,0,1,1
55,67.54,3,one-year,1,1,1
45,61.85,2,two-year,1,0,0
29,58.32,4,month-to-month,0,0,1
18,95.94,2,one-year,0,1,1
23,31.18,4,two-year,0,0,0
46,25.35,6,two-year,0,0,0
10,105.94,4,one-year,1,0,0
15,59.31,2,month-to-month,1,0,0
12,62.54,0,month-to-month,1,1,1
51,106.79,5,one-year,0,1,1
66,82.59,4,two-year,0,0,0
19,42.1,1,one-year,0,1,1
10,36.07,6,two-year,1,1,1
58,87.48,4,two-year,1,0,0
20,62.86,3,one-year,1,0,0
46,69.75,2,one-year,1,1,1
37,25.83,6,month-to-month,1,1,1
6,63.87,6,two-year,0,1,1
20,115.69,3,month-to-month,1,0,0
23,21.99,5,one-year,1,0,0
47,56.03,2,one-year,1,0,0
7,98.5,5,one-year,0,1,1
50,46.98,5,two-year,0,0,0
19,111.51,2,two-year,1,1,1
11,49.58,3,two-year,1,0,0
68,27.53,5,one-year,1,1,1
28,52.86,6,one-year,0,1,1
10,48.17,6,month-to-month,0,1,1
17,78.92,1,month-to-month,0,0,0
22,91.56,0,one-year,1,0,0
57,80.28,6,two-year,1,1,1
61,110.21,1,one-year,1,0,0
49,69.3,3,month-to-month,0,0,0
33,23.32,3,one-year,0,0,0
16,47.08,6,month-to-month,1,1,1
56,27.35,1,one-year,1,0,0
51,69.2,1,one-year,0,1,0
13,103.6,5,one-year,0,1,1
61,89.0,1,two-year,1,1,0
11,19.94,1,month-to-month,1,1,1
39,30.43,1,one-year,1,1,1
64,78.87,0,two-year,0,0,0
1,80.71,1,two-year,1,1,1
68,117.41,0,two-year,0,0,0
50,118.07,2,two-year,0,0,0
31,92.76,5,month-to-month,1,1,1
44,100.98,1,two-year,1,0,0
24,100.77,0,two-year,1,1,1
26,108.35,2,one-year,1,0,0
33,21.74,5,month-to-month,1,1,1
43,45.87,6,one-year,1,0,0
50,52.58,1,one-year,1,0,0
35,99.72,5,one-year,0,0,1
24,73.64,2,month-to-month,0,1,1
58,79.47,3,month-to-month,1,1,1
46,80.71,3,one-year,0,1,1
47,70.33,5,two-year,0,0,0
57,21.55,0,month-to-month,1,0,0
5,79.72,5,one-year,1,1,1
18,72.0,3,one-year,1,1,1
24,68.9,3,two-year,0,1,1
58,39.89,4,one-year,1,1,1
10,64.11,5,one-year,0,0,0
41,86.12,5,month-to-month,1,0,0
23,98.96,4,month-to-month,0,0,0
31,98.62,0,one-year,1,0,1
17,80.42,0,month-to-month,1,1,1
62,71.62,6,one-year,0,1,1
10,63.9,5,two-year,1,1,1
71,83.26,1,month-to-month,1,0,0
16,70.85,2,month-to-month,0,1,1
45,114.64,4,one-year,0,1,1
71,45.99,5,one-year,0,0,0
20,35.46,4,two-year,1,0,0
4,26.28,5,two-year,1,0,0
54,81.05,0,one-year,1,0,0
32,100.08,5,one-year,1,1,1
21,62.84,3,one-year,0,1,1
41,92.89,6,one-year,1,1,1
72,28.83,1,one-year,0,0,0
13,23.16,3,two-year,1,1,1
21,100.97,4,two-year,1,1,1
66,65.62,2,one-year,0,1,1
59,116.6,1,two-year,1,1,1
61,47.15,0,month-to-month,1,1,1
47,95.91,2,month-to-month,1,1,1
47,74.43,0,one-year,1,0,0
16,31.12,0,one-year,1,0,0
47,95.01,1,two-year,1,1,0
18,90.79,6,one-year,1,1,1
18,51.45,4,one-year,0,1,1
39,78.56,4,two-year,1,0,0
3,55.57,5,month-to-month,1,1,1
4,78.88,2,two-year,0,0,0
22,71.47,5,two-year,1,1,1
5,76.4,5,month-to-month,0,1,1
20,60.12,1,one-year,1,0,0
8,89.99,4,month-to-month,1,0,0
49,50.0,1,one-year,1,0,0
34,80.23,1,month-to-month,1,1,1
39,96.66,5,month-to-month,1,1,1
36,47.35,4,two-year,1,0,0
45,115.37,6,month-to-month,1,0,1
11,53.33,3,two-year,1,0,0
69,45.66,4,two-year,1,1,1
31,42.73,5,two-year,0,0,0
53,51.69,3,month-to-month,0,1,1
21,59.5,3,one-year,0,0,0
37,83.88,6,month-to-month,0,1,1
5,111.15,1,one-year,0,1,0
51,98.37,1,two-year,1,1,0
14,112.7,2,one-year,1,0,0
64,108.7,1,two-year,1,0,0
43,34.57,3,two-year,1,1,0
44,98.66,4,two-year,0,1,1
52,102.35,4,one-year,0,1,1
18,66.7,1,month-to-month,1,1,1
35,115.31,2,two-year,0,1,1
31,24.34,0,one-year,1,1,1
40,88.41,5,one-year,1,0,0
18,66.77,3,two-year,1,0,0
61,95.25,6,two-year,0,0,0
11,71.6,4,two-year,1,1,1
8,102.53,4,month-to-month,0,1,1
57,29.86,1,two-year,1,0,0
8,64.25,4,one-year,1,0,0
40,91.77,3,one-year,0,0,0
6,61.22,5,month-to-month,0,0,0
61,21.24,3,month-to-month,0,0,0
54,56.2,3,one-year,1,0,0
70,31.56,6,one-year,0,1,1
68,30.99,1,month-to-month,0,0,0
70,61.26,3,month-to-month,0,1,1
25,113.62,5,month-to-month,0,1,1
3,42.55,0,month-to-month,0,1,1
7,42.96,0,one-year,1,1,1
8,32.29,2,month-to-month,1,1,1
42,42.16,1,two-year,0,0,0
72,114.75,5,month-to-month,1,1,1
45,114.04,5,one-year,1,0,0
39,56.4,6,two-year,1,1,1
19,100.19,0,two-year,1,0,0
18,57.62,2,month-to-month,1,0,0
48,27.43,5,month-to-month,0,1,1
6,107.11,1,two-year,0,1,1
43,48.93,0,month-to-month,0,0,0
62,111.27,5,two-year,0,1,1
42,97.1,3,one-year,1,1,1
64,65.53,6,two-year,1,0,0
27,55.81,3,month-to-month,0,1,0
71,113.35,4,two-year,1,1,1
30,56.74,6,month-to-month,1,0,1
44,44.25,6,one-year,1,0,0
46,35.27,5,two-year,1,1,1
8,71.44,6,month-to-month,0,1,1
30,24.93,1,month-to-month,0,0,0
62,85.25,0,month-to-month,1,1,1
36,72.65,2,month-to-month,1,0,0
14,111.64,4,month-to-month,0,1,1
46,45.27,3,month-to-month,1,0,0
32,119.0,1,one-year,0,0,0
5,27.54,3,one-year,1,1,1
22,26.43,6,one-year,1,0,0
13,109.27,0,month-to-month,0,0,0
61,45.65,0,two-year,1,0,0
5,36.29,6,one-year,0,0,0
51,112.75,2,month-to-month,0,1,1
70,51.84,6,two-year,0,0,0
11,69.08,2,month-to-month,0,1,1
44,79.73,4,two-year,1,0,0
35,97.92,3,one-year,0,0,1
56,36.95,4,two-year,1,1,1
32,90.74,0,one-year,0,1,1
20,93.44,2,one-year,0,0,1
57,54.71,2,month-to-month,0,1,1
72,74.58,3,month-to-month,0,1,1
42,106.1,0,one-year,1,1,1
72,110.33,1,two-year,0,0,0
35,48.72,3,month-to-month,0,1,1
39,67.39,0,one-year,1,0,0
64,78.57,1,one-year,0,1,1
51,51.89,4,one-year,1,0,0
18,48.64,4,two-year,0,0,0
51,116.81,2,two-year,1,0,0
42,56.36,6,one-year,1,1,1
70,36.35,6,two-year,0,0,0
27,62.72,2,two-year,0,0,0
53,86.64,1,two-year,1,0,0
55,98.49,0,one-year,1,0,0
54,73.45,6,one-year,0,1,1
46,34.97,4,month-to-month,1,0,0
56,28.81,0,one-year,0,0,0
29,63.47,3,one-year,0,1,1
14,48.13,0,month-to-month,0,1,1
27,71.15,2,one-year,0,1,1
41,24.85,0,two-year,0,1,1
14,87.07,1,two-year,0,0,0
43,75.1,3,month-to-month,1,0,0
56,58.35,5,two-year,0,0,0
1,89.88,1,one-year,0,1,1
69,37.07,2,month-to-month,1,1,1
63,71.83,5,one-year,1,0,0
45,53.9,3,two-year,0,0,0
39,111.71,4,month-to-month,0,1,1
15,36.67,5,month-to-month,1,1,1
50,61.15,3,two-year,0,0,0
18,37.08,6,one-year,0,0,0
63,31.93,6,one-year,1,0,0
57,67.85,0,two-year,0,0,0
5,46.03,4,one-year,0,0,0
64,74.07,0,two-year,0,0,0
47,73.29,6,month-to-month,1,0,1
14,93.07,5,month-to-month,1,1,0
34,53.55,6,month-to-month,1,0,0
31,39.41,5,two-year,1,0,0
55,34.93,1,month-to-month,0,0,0
69,46.67,4,month-to-month,1,0,0
35,115.14,4,two-year,0,1,1
53,111.71,2,two-year,0,0,0
19,90.56,6,month-to-month,1,1,1
35,82.04,3,one-year,0,0,0
12,59.09,5,one-year,1,1,1
1,106.63,6,two-year,0,0,0
46,104.71,6,two-year,1,1,1
28,68.46,2,one-year,1,0,0
63,98.41,5,month-to-month,0,1,1
59,19.66,6,month-to-month,1,0,0
55,38.64,5,month-to-month,1,0,1
36,27.52,2,one-year,0,0,0
22,23.28,5,one-year,0,1,1
13,18.11,3,month-to-month,0,1,1
57,18.95,5,one-year,0,0,0
17,66.73,1,one-year,0,0,0
41,55.49,2,month-to-month,1,0,0
18,83.44,5,month-to-month,0,1,1
22,62.89,5,month-to-month,0,0,0
57,105.72,0,month-to-month,0,0,0
50,53.86,3,one-year,0,1,1
32,74.45,4,two-year,1,0,0
39,38.96,4,two-year,0,0,0
7,97.95,6,month-to-month,1,1,1
10,71.89,0,one-year,1,1,1
54,55.27,5,month-to-month,1,0,0
3,77.91,0,one-year,0,1,1
51,69.67,5,two-year,1,0,0
69,72.84,1,one-year,0,1,1
27,117.38,1,two-year,1,0,0
9,49.64,3,two-year,0,1,1
56,29.83,4,two-year,0,0,0
23,30.18,5,month-to-month,0,0,1
67,70.76,6,two-year,1,1,1
35,92.76,0,month-to-month,1,0,0
9,44.82,4,two-year,0,1,1
8,68.96,4,month-to-month,1,1,1
15,41.3,4,month-to-month,0,1,0
6,66.12,3,month-to-month,0,0,0
71,99.92,5,two-year,1,1,1
41,45.67,0,two-year,1,1,1
7,36.29,6,two-year,0,0,0
60,106.34,6,one-year,1,1,1
48,38.47,4,one-year,0,0,0
64,119.77,6,month-to-month,0,0,1
4,41.77,2,two-year,0,1,0
49,104.6,5,one-year,0,0,1
54,68.19,0,month-to-month,1,0,1
67,60.13,2,one-year,0,0,0
51,25.63,4,month-to-month,1,0,0
38,44.62,2,one-year,1,1,1
10,114.24,1,two-year,0,1,1
60,50.03,0,two-year,1,0,0
40,65.26,6,month-to-month,0,1,1
6,39.93,6,one-year,0,1,1
46,58.42,0,two-year,1,0,0
4,115.11,6,one-year,0,1,1
18,30.39,0,month-to-month,0,1,1
11,77.4,2,month-to-month,0,0,0
57,100.55,0,one-year,0,1,1
22,112.26,3,two-year,1,1,1
55,35.63,1,month-to-month,1,1,1
5,80.64,4,month-to-month,1,1,1
62,24.22,2,one-year,0,0,0
68,43.41,6,two-year,0,0,0
46,66.93,6,one-year,1,0,0
50,45.58,0,one-year,0,1,1
36,23.98,3,two-year,1,0,0
21,28.21,5,month-to-month,1,1,1
8,95.93,1,two-year,1,1,1
23,35.96,4,one-year,1,1,0
46,114.65,4,month-to-month,0,0,0
64,73.3,1,one-year,0,1,1
29,20.03,3,month-to-month,1,0,0
17,52.76,1,one-year,0,1,1
19,96.99,6,two-year,1,0,0
51,77.77,2,one-year,1,1,1
56,98.77,3,two-year,1,0,1
46,40.77,4,month-to-month,1,1,1
17,36.13,0,two-year,1,0,0
5,36.57,2,two-year,0,0,0
64,32.35,5,month-to-month,0,1,1
12,101.81,5,two-year,1,1,1
32,88.7,2,one-year,0,1,0
57,92.72,1,one-year,1,0,0
49,28.35,3,two-year,0,0,0
5,48.08,2,one-year,0,1,1
49,34.41,0,two-year,0,0,0
62,89.86,3,two-year,0,0,0
7,28.33,1,month-to-month,1,0,0
70,45.06,2,one-year,0,1,1
71,103.67,1,month-to-month,1,1,1
62,38.37,0,month-to-month,0,0,0
61,104.06,2,one-year,1,0,0
12,83.47,3,month-to-month,1,0,0
58,22.55,3,one-year,1,0,0
8,33.42,5,two-year,0,1,1
70,60.23,6,two-year,0,0,0
67,60.7,4,two-year,1,0,0
39,26.05,6,two-year,0,0,0
19,30.27,6,one-year,0,0,0
28,100.46,1,month-to-month,1,1,1
26,119.72,5,month-to-month,1,1,1
9,26.88,4,one-year,1,0,0
2,98.23,4,two-year,1,1,1
13,112.34,4,month-to-month,1,0,0
53,44.94,5,one-year,1,1,1
19,81.06,5,two-year,1,1,1
43,88.43,0,two-year,1,0,0
3,52.46,6,one-year,1,1,1
13,117.19,1,month-to-month,1,0,0
42,45.48,3,two-year,0,1,1
53,93.58,6,two-year,1,0,0
21,24.69,5,two-year,1,1,1
4,35.72,6,month-to-month,0,1,1
47,89.87,2,one-year,1,0,0
16,87.48,1,one-year,1,0,0
61,77.86,2,one-year,0,0,0
12,47.08,3,month-to-month,0,0,0
28,105.43,5,month-to-month,0,1,1
3,106.19,6,two-year,0,1,1
23,79.32,0,month-to-month,1,0,1
36,61.23,3,one-year,1,1,1
67,102.08,3,two-year,0,0,1
48,75.27,4,two-year,1,1,1
9,52.3,2,two-year,1,0,0
39,37.21,4,month-to-month,0,0,0
52,85.37,5,month-to-month,0,0,1
34,110.5,3,one-year,0,0,1
25,53.0,5,month-to-month,1,0,0
65,48.62,1,two-year,0,0,0
34,91.97,4,month-to-month,1,1,1
29,93.91,2,one-year,1,1,1
60,104.82,3,month-to-month,0,1,1
16,106.48,3,two-year,1,1,1
20,32.01,1,one-year,1,0,0
59,32.61,6,two-year,0,0,0
23,49.97,0,month-to-month,1,1,1
22,76.78,1,one-year,0,1,1
55,59.15,3,one-year,0,1,1
48,114.91,2,two-year,0,1,1
32,41.08,2,one-year,0,1,1
40,35.04,6,month-to-month,1,0,0
67,78.83,2,one-year,0,0,1
46,94.51,1,one-year,0,1,1
17,39.54,0,two-year,0,1,1
5,56.27,5,one-year,0,1,1
14,84.66,0,month-to-month,0,1,1
71,43.78,5,month-to-month,0,0,0
39,60.93,0,two-year,1,0,0
54,102.73,0,two-year,0,1,1
64,38.26,1,one-year,0,0,0
21,22.02,3,month-to-month,1,1,1
12,110.5,6,two-year,1,1,1
66,25.65,5,month-to-month,1,0,0
38,44.94,0,month-to-month,0,0,0
47,99.76,2,one-year,0,1,1
6,18.99,1,two-year,0,1,1
35,107.6,0,one-year,1,1,1
59,45.73,3,two-year,1,0,0
22,29.53,5,two-year,0,0,0
14,60.43,4,one-year,1,1,1
46,80.36,6,two-year,0,0,0
53,62.95,0,one-year,1,1,1
68,96.29,4,two-year,0,0,0
44,70.95,5,two-year,0,1,1
62,53.27,5,two-year,1,1,1
7,19.19,1,two-year,1,0,0
10,94.65,2,month-to-month,1,0,0
29,74.15,3,one-year,0,1,1
58,26.98,3,one-year,1,1,1
3,28.47,3,month-to-month,0,0,0
39,108.79,4,month-to-month,1,0,0
7,101.29,6,one-year,1,1,1
61,91.1,2,two-year,1,1,1
29,18.22,2,two-year,1,0,0
14,22.67,1,one-year,0,0,0
53,28.91,4,month-to-month,0,1,1
28,64.62,6,month-to-month,1,1,1
16,96.76,3,one-year,0,1,0
7,74.43,3,two-year,1,0,0
23,88.57,1,two-year,0,1,1
42,69.42,3,one-year,0,0,1
38,64.19,1,month-to-month,1,0,0
66,48.49,5,two-year,1,0,0
28,38.49,4,two-year,1,0,0
17,118.1,5,month-to-month,1,1,1
72,67.0,4,two-year,1,0,0
69,47.16,6,one-year,0,1,0
19,23.41,0,month-to-month,1,0,0
37,87.71,1,month-to-month,1,1,1
46,101.03,0,two-year,0,0,0
31,70.11,6,two-year,1,1,0
